상풍명,가격,배송비,url
애플 Apple 아이폰 16e 128GB 미개봉 새제품,"440,000원",배송비무료,https://cr.shopping.naver.com/adcr?x=w4FpK1Kg8av0TX6iUm29pf%2F%2F%2Fw%3D%3DsXthpJi7kf1hHNI7cw8afGyxZcvrUPzk97ASbS4kXSCByoYErd7Wx1dfdVO6hh7qVBegeM42xWRui0GFlRru%2BTsKdlAuo4CRofAy%2FiHp8jqv8RtWXQ%2B4yWv%2FzzZujOpojoFfwjIvfbkxdIJjq%2FnXNdXrI5q9fylU5fCxUOsQ4I%2BCuk8s7U6NFUyYCzOVHyPDVyaxxRm4H8HcYDi0B3B3iQmfQT7uWwvxdz8nMvhXCKF36a1IbrOU94c1aiygYUf%2Bvms8WWmYdMoYTOn4PiucTQSGHDvsGQoUHd%2FG2Ez5s1IA%2Fa18qhDQ1A%2FKJp3fgBDor391W%2FC1w5SVs2sYtTdFSepDyFeMNNrrCkB3ivFev2YcmNH%2BPFDjBB1byq6tUiCjfzjjcPhnQ4aXZmKCZFjijQvZ%2BpBOEyE%2FWx9XZ4JVM%2FaRUNyfvfRE1%2FzLQxI1QoU3OJ1tuPkPKuxIgrCqqSAI38xQiS3kzTIiKXXe9kzJ1BUenOiKsDZyEEzm%2FJkI2uNQQR4j0smO0Hm7wdikDjKwPQw92rF37y8wl34HrXApdxkodoQdD7z4VTZnGHOZl9gKWJn560zP8fVH%2FGMqfM26WJqCrEiCDWjrrYaXvEYdsHlv7sZsPeuNeC6QUM%2Frjp%2Bg5bOJzrD2qBjhDwpFFYJU72SSIsY3wJd%2BboaTNLJqsbq5jtEEnHZo%2B%2FVuCJHvsmHjrDVCYCaeglF2rgr1u2OQIzQ%3D%3D&nvMid=89877627274&catId=50001519
아이폰 17e 256GB [자급제],"최저990,000원",배송비무료,https://cr.shopping.naver.com/adcr?x=lOrIORLRwm8PITaMtWk3t%2F%2F%2F%2Fw%3D%3Dshh4GSOFt9%2BZUp0VHqkpadAvFoWFdAL1nEJjVsXJuLCLxTAJR5s3V3RheLYZrm3hTNzeFLOoMcMp9aEv7SvHsMmg6HabDTRx466CGciRiUnFBZuMfzSBinsMMtj7lqMfUVSbAdTnhZRf4CnbnqA5%2BeN%2BO3kUttIBIAq0ijiLrLQviGr%2BCSEWt4WvAwh0KiGQ3334rL%2BbR36BhYe0R%2FrUmjkI1yUrC8vID%2FKz%2F8c89qMu2J2cmJGDnOTQy7V0rAAlZY2ZxuAuvSW7ZwIsaDJftz694IFlqpi2PXO88uXmhtpG1%2FTl%2FSXGqxicgPtSywPelCUihK8pMD9%2B%2FGfueoJU%2FPKTq%2FbD2MGowZHhNOyBhpCeUgj7JhipZW7dJJfFyMQl03xBWEf%2F8HAYJmBjCA4DK8dRC%2BzwYer6Ps69Q2%2FK%2BLLGcqtSHxiSk5V1JJUTbNiLgRYxPz57s0p1wnuHz04%2BVoo55rlvTGSd04gm3LTUFqprFTSGC%2BVBFxHOHAR3iFjMhBHS7iYdd4BTrgASNQmm8sLPU1gfxG3PH6iFw%2B1YUjCLO34BdgF30dIacnqop2cMt4bP94xJjwLNehMIL9M5BfkRuGIQAHXip4b9cLKj3lT1%2BVVIuM9uG5CmtGuRfMayVJc9LluJlceg412w2vptUro6%2F74bs%2FzNmznhIO5N5zjWyWdk6Rh1eiEFF7nSHwjL1l13JNXbWV6PsRpEB8CiWRctVYavx%2B%2B8fWZa9SBc8rqM%3D&nvMid=59125506333&catId=50001519
"애플 아이폰13미니 공기계 휴대폰 IPHONE13 MINI 256GB,알뜰폰","354,000원",배송비무료,https://cr.shopping.naver.com/adcr?x=TVJW3JKPPswhAXZfP0Abcv%2F%2F%2Fw%3D%3DsmY1MuGAI0V75fn2U8DVrkUSkeg3BY9LrJLkk70VtVfbxTAJR5s3V3RheLYZrm3hTGLHg%2BXbMP3UwJPC5urDr2Gg6HabDTRx466CGciRiUnFBZuMfzSBinsMMtj7lqMfUVSbAdTnhZRf4CnbnqA5%2BeN%2BO3kUttIBIAq0ijiLrLQviGr%2BCSEWt4WvAwh0KiGQ3RrGKeD3WEVFphi0HowZtxVK0PNA6Pr%2FiNDHHLz5Ow077iXAd9EDDoQh3ecHq7iVdWo3A6OkPv3S97qdiBEVJxTSqjPiTd4eoEouLn9J3El1xTS8vVm9ENLBGG%2FECaJ3nTPQvbixHQtO82wa3hWoPeAczWY69eYPb0I4APqa03aWKsGx4y%2BZKI5dDcHPOiX4oRjORd9xFMt3Ij24KPblR%2BAeL8mDjug0MMBKQwp4NOEHBz7%2BORHa%2BX777%2F5U82WuF33UnQliMvAyudtxLc72ZUxqBINFFiuwuwbab5pO%2Bjn9drU9gBvTOY8XVxGgpGxxd2YxKyH%2BD%2F0Zv8r75v30Dkrc309dNYVswcZEcr9fsFHKswq3MvtWZxAD9KX%2BNo3Se3yVq7pFj6AfpEt2yyY6CqfhohWtl8Syxr%2FkMz1F1OV10Iyl8uJs8njEdOVYO%2BPweXzLwmHCRhq3x%2FGY6HX1I050wt2xwxcug19FOUjxM%2FxxEpec0P6oubvRxd5MV9Tpd3Aj%2BVHP34zNmVqM9mewB32wWw3lNukwfUNv4HuclQvwphM4Xkqwer6KAYBzWkB5n27A%2Fy9Wcz7EU72Pz6EEGPaCmk1hTL%2FKKhKRGZYJRt2Lzp644WWpjEZbfG2bPvrGxDVCYCaeglF2rgr1u2OQIzQ%3D%3D&nvMid=46564050182&catId=50000249
아이폰 17 512GB [자급제],"최저1,526,400원",배송비무료,https://cr.shopping.naver.com/adcr?x=dGB3eCFKiMiqrpeRVA7Ogf%2F%2F%2Fw%3D%3Ds8QY6Od607nHyDLoCOvxsOjxMOpSPuGrzOteiSGjFHsoAjU5j3gjlMYsRq8%2BGHFpS5iZwI%2B07b5E9%2BDUK78r7mzXJD0NsZoE8wg%2BLc2SvDZhHRaISaXjSXtxpkOUV9xcVECs7Hq1ptkJz%2BEOEmjZpZEsFIPfQ%2FxdBq1VsidKXQ2O3pVqx8a7y1UG0HRU%2FVjQk2h%2FqNbmMd3P9tE5jamCbKQuIB8ncdehaYvLTVmrbJlEb4AmSOzqUyzzvb5VZYY6%2BCb3k2P9GsyYcLETHoLzpIeE8YCiibN06F7pXXqOPTLDu2BDvBMTXoZ9N9JaKSMlk2%2BhJVeyKi%2FEM2JBxjjb5LVVd6Z%2BmZ5fvTALbBBPmfKLmnGLANk9TjQtjOEdf9xG%2FWRPvZpjUyv5eZvKGp9GDuT1nRJ4yoQ1ByXgZXYF4asUr3wpohlrhUETRXnCpgZJOsOI0h0KDaq%2FaxBeI7gvVHc8Zsp9fdmBRjIt0%2Fxd7Y3WcqM9iWzo6PU6HPTVexjIWCncaZkfznvYQEYMQuepE3X2Ovx4101g2w8z28edJMlERfydOXnvGOlZKTzJznhI%2FIuR0q84YQjjFrl3Wcbxl799ZmnIP3yje47gOwu31c3Cvf%2F4U7wEWiLgJgvP2PgnF2Ek69TeK0hZi0GgpCQXGoZ1KU85kE3pXnhNMvq7%2FMWxUEmkoKXv0x%2BGEpKkWPtFyhAhQPRyH63y9CmZhLbMHNlaFndIwdNwuWmKtx1HNSCrUkiyUGZ3FpPHvE7X48%2Bhb&nvMid=56642218976&catId=50001519
Apple 정품 아이폰 16 자급제,"1,150,000원",배송비무료,https://cr.shopping.naver.com/adcr?x=7IXIaFnPVuvAwA1HuDHCqv%2F%2F%2Fw%3D%3DskF5iyvq66ASvIpcbcPawNc9rD7YZP%2FQh7Qz039mlFBVyoYErd7Wx1dfdVO6hh7qViSr%2B8CfHoTb2nwVGXZkz5cKdlAuo4CRofAy%2FiHp8jqv8RtWXQ%2B4yWv%2FzzZujOpojoFfwjIvfbkxdIJjq%2FnXNdXrI5q9fylU5fCxUOsQ4I%2BCuk8s7U6NFUyYCzOVHyPDV49gWwo4YAEWGPlnOMWQUB4qPKnSzTV71gbnTAjWaxQ%2FVXbnm%2BnwcWedO6RdcKQlz04PiKfdXpFTjMpWBt9zZ2mP%2Bv2q8waYYGpwT9eXccY6uAoMerSmE7FU8igD5uoN0MYHcLoqb%2Fr6oOcDNJ16biMbTxAJTjZlykDm%2BtSsshRWZQqRhCsri8hpH3OfQx5F%2B3dPAU3HJeFGjd7KOzN1XZo0RADWpHbCwemGQj7v%2Bj77DpmNu2Rs3tEPrV0ZTODsbWqyaFa2xLbpwGCJChqMDqi17pCT8v47X%2Fd3GA2VxeU4VmlmJE4%2B8afSr8xs%2B%2FmXoG1fUqIZ7CTqeNBeEUiuIjbVrhcIjK%2FyMdS%2B%2FohCHSTL5Bpk2Bgkccp4gjyF9C3Bphgm%2FQtyACyHkeSauvkvFqc3zVaNSnElUms3mYOzPgGkbEf4FfFXKxRBjJgs6NFlJNzlAkNmzaL1OIdSUz2EuTh6709K9VhlE8zDnmKN1ue%2BCc%2Bbj9x%2FByzfX9gQ0MhkpHjX7BAEJw4PkybPL6EEVpMKR3YKlD9qGAl6gX9HvZO5QAa1WfKp95YNjcIK2e0TcDrRBst0Boz6XVp3uv8uCq1dznR4EhPC6BI08fc6TT2xWkbDrUFJ2hBG8QaB8WVzn&nvMid=55291676020&catId=50001519
아이폰 17 프로 256GB [자급제],"최저1,790,000원",배송비무료,https://cr.shopping.naver.com/adcr?x=yHgM%2Bh%2FY7qdQo8pWefSwEf%2F%2F%2Fw%3D%3DsbHxDDH7BAt%2BoarxF1I5e8OtzD8yMnUuNlRVRULQvGCVyoYErd7Wx1dfdVO6hh7qVBfoC5rJxKjVPrg5RYX6cWcKdlAuo4CRofAy%2FiHp8jqv8RtWXQ%2B4yWv%2FzzZujOpojoFfwjIvfbkxdIJjq%2FnXNdXrI5q9fylU5fCxUOsQ4I%2BCuk8s7U6NFUyYCzOVHyPDVhmeWtJmvw8M90EK%2Bzy5a114nEdwofithSFzlLG8az9DdhAl%2BI7modr4PZWu325tUIk7uNvEAL%2BEcmclsT2kPbblIRP%2BZOH7CveIqcMav0VGdLIrTrbNQHj5YcvwFcxUkErLcuhiXatVqO87FsX2HsLngnxQ7ssMZd09T0OjyjIxearTBvydD1LUI3JWpCADILkaGAE1jUCYVbRviejGz%2BBWNAKkiTmTHiwlbaGtF%2BcqDNEZAypcFY1Z5QAtH0i5KUsAWLucflc24575HV3PS4MY9vrnhg9Ffzg5vQD3NezUFfVYy52PUzSQXgfVXla9hmc2cg3xqNUkKGEb1xg81nSQ52L6X8%2FofmesFc9yiVF7k6fa11MuGJs8OlARnX8kjD1S%2Fv65eTyz17SNJGj%2FD5MP%2B3zTe6vZE%2FEGHYiCY25bSbSQZa3y0goVMiku1ZN8%2FSYqZgVsHN77mgZpHxjdgpMLSGId%2BZ%2FOYAjRfVwLnTYp%2B20UPz5pE6meqerLXJCYcdtjw7VLddMzVagZxqfHgjYMbnniQl88T5JSn21SbWRMGruH08DlKshetxY8KUEZb&nvMid=56666065238&catId=50001519
SK 기기변경 애플 아이폰17프로 512G / iphone17 Pro,"1,440,000원",배송비무료,https://cr.shopping.naver.com/adcr?x=2vS0J3uKFDeaxS%2Bt87GEof%2F%2F%2Fw%3D%3Ds2svI8TNT83AVVnCVS5ldvly%2BPXo1Q7NCm02kp9FT0KPxTAJR5s3V3RheLYZrm3hTWmkPu%2BrTkcEUJCgL6fGYgGg6HabDTRx466CGciRiUnFBZuMfzSBinsMMtj7lqMfUVSbAdTnhZRf4CnbnqA5%2BeN%2BO3kUttIBIAq0ijiLrLQviGr%2BCSEWt4WvAwh0KiGQ32qqp1XNIAFe3%2Fk5gPxIsHLL7oh4VZdlChKy1%2Boh76B2S7FN4peW5t0CB9uPtn3EwHcVl7mMylRVjy32mkTPV0V70n2KOjH7JDLZMTZ%2Fl2BgxaK3%2BJxlID8Ir%2Bd7frZZqgGwmPNX%2Fe%2BXkuZ30duRQYj%2FN1gL%2FBgCKENDMCz1nm%2F1Aue6eHmmYNimqJz%2BrhsL8oskretPe2dPq2bS6lPMhCtCSaaxEY9oTEZcF5ABVwDT2fqQThMhP1sfV2eCVTP2kVDcn730RNf8y0MSNUKFNzk8YccvRhmx7aIYtfy9On5bfU4ewiF6bezRZ96%2FV%2F1OYJFqz69jtpz1NZz49n4IQ1mZTzQm%2FJCTPv1HJ4ZwU%2BN9eS%2BW0AbFWQTmREHEGFb5oDIpA5IHCXv5%2BAfZonltQyZooE3Yx0CUyJ9lxecxXljRoovy19FhdwCa2ySESacNio64FkP9CQbIx7neKc6OctVxaIX2Dp8R%2FApOCeHaEyT9y8Ra1f7prkupkc%2F0Gif3ShDEIIy7y5qjAc0pD51rIER0cjwVm1BUYVknE7IEMpz4%3D&nvMid=57170283301&catId=50000246
아이폰 17 256GB [자급제],"최저1,237,980원",배송비무료,https://cr.shopping.naver.com/adcr?x=NdeDJzAaxst00IA0O%2BUVUf%2F%2F%2Fw%3D%3Dsc3lPndn7cynVtSnuSKLmi2enC8F4NU%2F8fm1d42LLuxJyoYErd7Wx1dfdVO6hh7qVCb%2BfER5hfOJL%2FLZVBSPeosKdlAuo4CRofAy%2FiHp8jqv8RtWXQ%2B4yWv%2FzzZujOpojoFfwjIvfbkxdIJjq%2FnXNdXrI5q9fylU5fCxUOsQ4I%2BCuk8s7U6NFUyYCzOVHyPDVhmeWtJmvw8M90EK%2Bzy5a114nEdwofithSFzlLG8az9BF4SUFdYsHJqKAQaKySmwjIk7uNvEAL%2BEcmclsT2kPbblIRP%2BZOH7CveIqcMav0VGdLIrTrbNQHj5YcvwFcxUkErLcuhiXatVqO87FsX2HsLngnxQ7ssMZd09T0OjyjIxearTBvydD1LUI3JWpCADIcBesq0VrYSSjvxqie2lqFxWNAKkiTmTHiwlbaGtF%2BcqDNEZAypcFY1Z5QAtH0i5KUsAWLucflc24575HV3PS4MY9vrnhg9Ffzg5vQD3NezVrMSHuIXInzhm%2B12GaWjeJmc2cg3xqNUkKGEb1xg81nSQ52L6X8%2FofmesFc9yiVF4CcGPRgRu944fEGBUKscsh1hw8JkmzcBOBqeJco1ckkUk8%2B%2Bs0dmHMtRUevyyTruGl86dhfTYI4gAvivXvgwAQZem112q%2ByIpQmYPf3Z2Rh2JxyHBE3CYnzhPLG%2BOCDMWKOKS4uJK7u5Zcz%2BvVRDO62agD5z5n1OlA5dvMV8AnAMcgIRCk8vtGb7Z%2FKGMSEdE%3D&nvMid=56666632837&catId=50001519
Apple 아이폰 17 프로 자급제 256GB - 실버 MG8G4KH/A,"1,790,000원",배송비무료,https://cr.shopping.naver.com/adcr?x=RlHyoIQRQvk%2BNZhrPi8rcv%2F%2F%2Fw%3D%3Ds2fJpL%2FweWI8tGOrPmChJNab456J77sEu%2FUINwPx1OLtyoYErd7Wx1dfdVO6hh7qV1T6t922Xa8TfuZBCsu2c4MKdlAuo4CRofAy%2FiHp8jqv8RtWXQ%2B4yWv%2FzzZujOpojoFfwjIvfbkxdIJjq%2FnXNdXrI5q9fylU5fCxUOsQ4I%2BCuk8s7U6NFUyYCzOVHyPDV2VNqRRUOojs5WUX%2F32yb5RUWkZ5On5BVeI8cTEGmUZvnx8Aid%2BWslEVnY5aE%2BDqCXKZCv1TI3VO3ykBR859%2F1rt%2BCGdxkcJBKYAQS0VI%2BE0hluH2kw5IEIAuXNnO13ke04kOs4eSY0WncLq1f%2B0if%2FOlIutnUpvB%2F6qNTiqijLUwJs5DruoKSllcdjqO823QbP4DNlCMvOS%2FZ27QlxXlwLVnc7wcdqfCv3q5loMbcZIHs%2F2PHkpmvWjL2qy1nHubO4bTX6dKna05%2FShZmsoNUE1hNnOU%2BEB3IROy6%2B6qKf3HvY%2FUzN94OzIr5wG3PfiAX5BUVVdkrY3zQ9HOtfA2xIToHpwQWwXk6gKyRincQPW0IGFuDNu8t4pwcMHNIrlSU7vOXGPIcQ4X8yY9dw%2BFcRTQpi83rmrVnNWIL5ldDdQlZM%2BTMteHR67IoRXmEwivn43M5DwnLgkXWjzDeX9AczreL3EWykBiqqvWT1Cui6zVScUbvnLE4FjLuJOhNGJSKSc%2Bpq15zJkdlQSUm5u294UkfJC17f%2FlHIFYMw5%2BGq7L07boOLwoxL6IajskM%2BfZHduwDi0dFWtsMHZFRkMZyB9JMvxn37pW8KhEeoFQC2poaKZHilHbuauHUigNM5KA&nvMid=59278488268&catId=50001519
Apple 아이폰17프로맥스 512GB Apple 미개봉 새상품,"1,160,000원",배송비무료,https://cr.shopping.naver.com/adcr?x=wYP7hK2ETelc%2FvK35vEO8P%2F%2F%2Fw%3D%3DsPMdR94zKGpBw4WHrDPNGAbS8eic9ODrjp6F1YDPUs9VyoYErd7Wx1dfdVO6hh7qVev0gl9Q9DGOeZBfD3tozLMKdlAuo4CRofAy%2FiHp8jqv8RtWXQ%2B4yWv%2FzzZujOpojoFfwjIvfbkxdIJjq%2FnXNdXrI5q9fylU5fCxUOsQ4I%2BCuk8s7U6NFUyYCzOVHyPDVyaxxRm4H8HcYDi0B3B3iQmfQT7uWwvxdz8nMvhXCKF2EaqFhIsapuPwUapBxsGLMms8WWmYdMoYTOn4PiucTQSGHDvsGQoUHd%2FG2Ez5s1IA%2Fa18qhDQ1A%2FKJp3fgBDor391W%2FC1w5SVs2sYtTdFSekSM6HyAN7bTB5bAohCH8peWw9tvwlJa%2FoMgVO6CgPqczjjcPhnQ4aXZmKCZFjijQvZ%2BpBOEyE%2FWx9XZ4JVM%2FaRUNyfvfRE1%2FzLQxI1QoU3OaMqfq%2FGxXTss9MqwKuPq%2B0tB7vhOx0nxSI7ZizhQJ8uahrOrX0F%2F0%2FD9HtVMvXe83rpZfta5C5%2FFyIZ15zB6YHf5yKBm%2Fkwo27nAkv88TTvlrWJaEAsyBxB%2FVyTfQsiSSThhJFcfr6JvbpOrHuGjwnjkrJPHMeXCnHKyo9vv%2Fxk2IWAinpDwg720zBf8CUKXuII1RKBXV0cjxJxT3gVnF2wz6x1m%2B6KezWr2a%2FFm9DCWYWJLXvWByRblPQV7PQ2uV3OdHgSE8LoEjTx9zpNPbFaRsOtQUnaEEbxBoHxZXOc%3D&nvMid=90912314913&catId=50001519
해외아이폰5C 풀박스 공기계 무음 카메라 8GB 5C,"79,000원",배송비무료,https://cr.shopping.naver.com/adcr?x=DOJ5fIIzwa4lseM2dq3QH%2F%2F%2F%2Fw%3D%3Dsp85m9cZF2PQzm4uWvqwbL5%2Fw8LX4VDbxoBkd8CCBoOhyoYErd7Wx1dfdVO6hh7qVesDPhUFDfRkZ0ORWO%2FKX1MKdlAuo4CRofAy%2FiHp8jqv8RtWXQ%2B4yWv%2FzzZujOpojoFfwjIvfbkxdIJjq%2FnXNdXrI5q9fylU5fCxUOsQ4I%2BCuk8s7U6NFUyYCzOVHyPDVyaxxRm4H8HcYDi0B3B3iQmfQT7uWwvxdz8nMvhXCKF1FBMPMWMXyUpL83uIawUnTms8WWmYdMoYTOn4PiucTQSGHDvsGQoUHd%2FG2Ez5s1IA%2Fa18qhDQ1A%2FKJp3fgBDor391W%2FC1w5SVs2sYtTdFSegSQxoyE864ctmSdWmeEq9%2FpOoKhh6PY8epargmiK1u%2BA%2Fr3XBm%2F3nNwAzAruqK5evZ%2BpBOEyE%2FWx9XZ4JVM%2FaRUNyfvfRE1%2FzLQxI1QoU3OZ0nJ%2F8lb5%2FTPK9TouohdnhQiS3kzTIiKXXe9kzJ1BUfridZ8PnrUUxW93Ie4%2B7OZB2iVGBwN0SXS0hD6F0BPe5YCK7j5HUbOYW6H2qwf0bV7PXqCYnKl2YzF5wEMXgOgZWhIZhzJ%2F85M9aJJbOji48%2Fhjd481luZaLEn6IB5tOVZ8CzcwGOWDGOfAtvAjEfai4%2F0xPHGBAN2hdluqs5D%2Bspehgm0M89Q4pt3G0a0gwpkpn5K1vxBXGP6pttovWXtHRyPBWbUFRhWScTsgQynPg%3D%3D&nvMid=90749142379&catId=50000249
아이폰 17 256GB Apple 미개봉 새상품,"490,000원",배송비무료,https://cr.shopping.naver.com/adcr?x=SELwAv0dlhoDsBOpCKuGrf%2F%2F%2Fw%3D%3DsxTvga%2BHeWPKXLoZstu0infhbDblaLPK6S39Hgcn%2BMBcAjU5j3gjlMYsRq8%2BGHFpS%2FllMMR4%2BKBCPMC1%2FU3LinjXJD0NsZoE8wg%2BLc2SvDZhHRaISaXjSXtxpkOUV9xcVECs7Hq1ptkJz%2BEOEmjZpZEsFIPfQ%2FxdBq1VsidKXQ2O3pVqx8a7y1UG0HRU%2FVjQkhNAWEw0JCsb7LJXBJqKWV9015zgK%2BP5r4ZCysDfiDpXy2kFS%2BiNHW5BLmb89Vp1cdIFQtrJOtlfE0hWsZ5nHsDForf4nGUgPwiv53t%2BtlmqAbCY81f975eS5nfR25FBiP83WAv8GAIoQ0MwLPWeb%2FT4hYShbcjbGtZE6QP%2FJUf6TlNELNANZmkmrlg3Lm2dkDG4evy%2BM13j64UYOnhTyGWVhYmYgjlPsRq46KjM0jHOYHF6FUFDXJWjFuX3G1juVWKMNu2MuphAV%2FByR6raxurL%2BD79JFqXUHChswIKAa5fMbJ9PZC9vvrTcGHwDITQdNMoGfc3QDJAwB3W6Zgk1WKuEtlMmEp0kJY%2ByUzOAG2QL6nrfebnckJCqgqS%2F1UnItFgCrG%2BOxU1kZ%2BlEAYMZ76OuBZD%2FQkGyMe53inOjnLX6b7RmamUtuHjmGXPs7f6Q2x%2Fw9CcPT1DMa1oXfI7sH1Q2WysbeFGhmvQVGxnrXPRXc50eBITwugSNPH3Ok09sVpGw61BSdoQRvEGgfFlc5w%3D%3D&nvMid=90305072272&catId=50001519
Apple 아이폰 16프로 512GB Apple 미개봉 새상품,"890,000원",배송비무료,https://cr.shopping.naver.com/adcr?x=Gjou52yRwddMU8OCS2xJjf%2F%2F%2Fw%3D%3DsEpt1sd74tCXC1y%2B1pCrV7E6ID87z7k%2BmlzRnUGQzsJVyoYErd7Wx1dfdVO6hh7qV8TBJXVXO3%2BmgQYz4%2BFqgHcKdlAuo4CRofAy%2FiHp8jqv8RtWXQ%2B4yWv%2FzzZujOpojoFfwjIvfbkxdIJjq%2FnXNdXrI5q9fylU5fCxUOsQ4I%2BCuk8s7U6NFUyYCzOVHyPDVyaxxRm4H8HcYDi0B3B3iQmfQT7uWwvxdz8nMvhXCKF3yZl4%2BvXjHZJdHGiIDuNuLms8WWmYdMoYTOn4PiucTQSGHDvsGQoUHd%2FG2Ez5s1IA%2Fa18qhDQ1A%2FKJp3fgBDor391W%2FC1w5SVs2sYtTdFSeh%2BfznAfUU4MDEvmB%2F0tIfS1AQ5w7KG91xGrHuttUb0szjjcPhnQ4aXZmKCZFjijQvZ%2BpBOEyE%2FWx9XZ4JVM%2FaRUNyfvfRE1%2FzLQxI1QoU3OokZFaxGpN6FjG4SLxeTaMUtB7vhOx0nxSI7ZizhQJ8uN4%2FbarDGulZ7nI%2BlTukuY45pWDmDq0hFGOcp%2BVw5hFmacJXdKOtvugXlwCoGsXkg7pQVzBu1lVDTRj7Meeu%2BXlFuevu11Kauhi0dBso5sy2qbH7z50I%2FWpe9%2B4Php6ssP7UbNjIJABWwM7q6UxJuW0lBN3yd4o0LPx5DcVO5%2FLltNv8zJraaZHiWBp4PNEaGfVqJ21m9EWzmZTTRJiv1LDhLBwu%2FFQS5xWYf5w6G3jQ%3D%3D&nvMid=90886769996&catId=50001519
[대여] 애플 17 프로 아이폰 대여 렌탈 합정 잠실 서울역,"29,600원",배송비무료,https://cr.shopping.naver.com/adcr?x=QCD6qQM7pPgJhFhgXsqSQf%2F%2F%2Fw%3D%3DsvOlKU%2Fe20mIQBh5TuuIFhmU6JGRad8ekE6qQ%2Bbe49NNyoYErd7Wx1dfdVO6hh7qVn5UKyKQi7WqpZPK6HGRgUcKdlAuo4CRofAy%2FiHp8jqv8RtWXQ%2B4yWv%2FzzZujOpojoFfwjIvfbkxdIJjq%2FnXNdXrI5q9fylU5fCxUOsQ4I%2BCuk8s7U6NFUyYCzOVHyPDVyaxxRm4H8HcYDi0B3B3iQmfQT7uWwvxdz8nMvhXCKF0oyQ0fzbU1Rctud7qIKtJ%2Bms8WWmYdMoYTOn4PiucTQSGHDvsGQoUHd%2FG2Ez5s1IA%2Fa18qhDQ1A%2FKJp3fgBDor391W%2FC1w5SVs2sYtTdFSer6RA5nbQBS1Bfxx%2Fj4YOo9KtZhXAsYUnkdHdpoh07%2BHA%2Fr3XBm%2F3nNwAzAruqK5evZ%2BpBOEyE%2FWx9XZ4JVM%2FaRUNyfvfRE1%2FzLQxI1QoU3OwOkfSYoavb%2FS2hfooZ4pMBWXIUMKr5lUUTm8kfHdxQHlvDtOsAGjpqqPBrCADDoG7u6hVE2qx0bxpkn1nN%2B7e%2FdA6oK8jw1vBtInX2A5M4greQ2R0CuU04f6AShO8nKDDO6kaPiC6ff83gS9qMOfU6%2F5gAaPjxoFBT2csvB%2FBTbm6njo4dYhIhkG6H1Ml30GD%2B1GzYyCQAVsDO6ulMSblgSbP9pVGR5Oc5ihCtRLkQbsDwiWgICRtscCPePEImy7xg1%2F7tL%2BkjXgWKq8YJc2oQ4SwcLvxUEucVmH%2BcOht40%3D&nvMid=89926920107&catId=50000249
Apple 아이폰 15프로맥스 256GB Apple 미개봉 새상품,"690,000원",배송비무료,https://cr.shopping.naver.com/adcr?x=6kBM8dUZdF46SKwRgSVWN%2F%2F%2F%2Fw%3D%3DsJrVm3jm%2Fb2JN5xyb%2BhQFEzDG8l%2F4%2Fq1tq2YyWS7iGdrxTAJR5s3V3RheLYZrm3hT%2B6lb4nPPXGCdaDHABDRRdGg6HabDTRx466CGciRiUnFBZuMfzSBinsMMtj7lqMfUVSbAdTnhZRf4CnbnqA5%2BeN%2BO3kUttIBIAq0ijiLrLQviGr%2BCSEWt4WvAwh0KiGQ3RL6iu0rN9ANYEXkZX8p%2BoSEm%2FeWMmjv1VUimPr%2BbdY6%2F%2Bqt9S3XN%2BnaT29Ll9hgGvf00nww7lOXXthftASQU09KWeeKdrv26wW2%2BcXTkFE9r6kdrp7BvT8OlwZ7P37YyZp%2FuhVWf5tMOyu5R2EADu%2BzxDu0yweznTLSUzt%2FaMU%2FTdPNQXYQI5aienQsloPL2BopcmijOZJ%2FnY3%2BRYwO1XsYQJpxvhTmpJNgLwFjMERY1ycG%2FCkRelOMkyw%2BDh5rolltCf9tiV9SBuVLDwla%2F6dSXUxvoKYPFHUCS1w8lsqdXhzMGPD3sZJCj%2FZGC%2FgB6ou8W%2F3Ybm3DfAc4CZSesvrKTKVxXYognrfKYVcticUzcxay9fuDTcTZ6FC46rM85B51M7vVE3MhlEUiVxOTZXXYOUpd535%2FStHcm2pN4XXlrWNLxRrWHCJoudYzHCivG47gsYzEsLVejF63ku6O6nHR4YsZm6v3V%2BVv8ge6hQmcfSTL8Z9%2B6VvCoRHqBUAtqaGimR4pR27mrh1IoDTOSgA%3D%3D&nvMid=90887142112&catId=50001519
Apple 아이폰17프로맥스 256GB Apple 미개봉 새상품,"1,000,000원",배송비무료,https://cr.shopping.naver.com/adcr?x=mUrgbVH7xQpadqCNkcKZ%2F%2F%2F%2F%2Fw%3D%3DsFXqOMOpj4LSTVa%2FyWfPtr0fpJ6rZLgwU%2BbYU%2B4J%2BaixyoYErd7Wx1dfdVO6hh7qV49hiJR92o12tU15VBf6amsKdlAuo4CRofAy%2FiHp8jqv8RtWXQ%2B4yWv%2FzzZujOpojoFfwjIvfbkxdIJjq%2FnXNdXrI5q9fylU5fCxUOsQ4I%2BCuk8s7U6NFUyYCzOVHyPDVyaxxRm4H8HcYDi0B3B3iQmfQT7uWwvxdz8nMvhXCKF2f93PX4P1mJrmhaaembAEKms8WWmYdMoYTOn4PiucTQSGHDvsGQoUHd%2FG2Ez5s1IA%2Fa18qhDQ1A%2FKJp3fgBDor391W%2FC1w5SVs2sYtTdFSeo0PvrfbY5vVTQtndrxYNa6Ww9tvwlJa%2FoMgVO6CgPqczjjcPhnQ4aXZmKCZFjijQvZ%2BpBOEyE%2FWx9XZ4JVM%2FaRUNyfvfRE1%2FzLQxI1QoU3Oj%2BJWN6U1%2BRRamCPgZuqfUktB7vhOx0nxSI7ZizhQJ8uahrOrX0F%2F0%2FD9HtVMvXe8JgqYH61Fngi1swMrp7v9cXf5yKBm%2Fkwo27nAkv88TTvlrWJaEAsyBxB%2FVyTfQsiSSThhJFcfr6JvbpOrHuGjwk2ZTpGsOw3CZ7ywhr6GXso2IWAinpDwg720zBf8CUKXuII1RKBXV0cjxJxT3gVnF8Y7O4mWs65wcNMu5AI9DrN81ASEzbzRKy5e%2BOyIhY%2BIV3OdHgSE8LoEjTx9zpNPbFaRsOtQUnaEEbxBoHxZXOc%3D&nvMid=90912309226&catId=50001519
아이폰17 에어 256GB 미개봉 새상품,"745,930원",배송비무료,https://cr.shopping.naver.com/adcr?x=AA1Fjh9oj7z99fAO755Jk%2F%2F%2F%2Fw%3D%3DsbYoHjk4Lbr0rERyrSbA8gy8AfNeA4%2F6AQuaI3NncMalyoYErd7Wx1dfdVO6hh7qVEAGwGAEFR9TkE7z05BWGa8KdlAuo4CRofAy%2FiHp8jqv8RtWXQ%2B4yWv%2FzzZujOpojoFfwjIvfbkxdIJjq%2FnXNdXrI5q9fylU5fCxUOsQ4I%2BB40STdRb5k7g2fUSzQNEv3uEG9WfH6Te6BM2aWwMT1BZs0wI%2BjI4EdU5ednfvvXUaQm19DTBWm8pSkqFI4lAViF2egStnT8AI0kJPIyoR466f1TtwrfCJbY53%2FlPUaAWx1V6TT2B%2BOPt4ties4w35o4oTEE5Rg4lOWEsQ3lzPT8DbWCiPcfspTbPwEJoPlC3DKmbjbvZw35gkYmwux0s1%2Fd%2FNmEiHJjalMG15dG%2B5HtRKy3LoYl2rVajvOxbF9h7C54J8UO7LDGXdPU9Do8oyMXmq0wb8nQ9S1CNyVqQgAyJVUoQLZzlW3IyJhDu%2FpvyfsGujh2HTqb8o0Qn983Ju%2BcRNvmkCkGTEGnQxjgQGSKvzMybi7RS0Fk%2FkZZEnWyH8eJca851MDqNQlZvvfD7WwSoBOmH7QfyRTA7aJ3PgnNpga96vkTny6QqegmA7aLt4p3JZxAlpXLHxFNG%2B3uWMnowaPEIbD%2FsWbL2qwraMZEDulBXMG7WVUNNGPsx5675cj65ci4fOf43yMZLRslEGQub7pts4Vb%2BPF4nl1dJssGbEKHCxBhmtMLJXh3NqRZK3EPOVqeyYdqk68HVivCkX1aoiWSvCMzSdmlvse4mXA%2Bm9TZjqEQTAbFzUBl8432wvhVEAf6wwM5tqtSh0bB5Hx&nvMid=58572682535&catId=50001519
애플 아이폰 16e 256GB 미개봉 새상품,"583,000원",배송비무료,https://cr.shopping.naver.com/adcr?x=f9A6SUPDtCRBdqO6NE%2BXuf%2F%2F%2Fw%3D%3Dsnmo5%2BhApQDzj%2FQ6ZDQS1D2TgJDOrceloFa4lS6OkptrxTAJR5s3V3RheLYZrm3hTzcJIBMvKMbZEhTRZWA681Gg6HabDTRx466CGciRiUnFBZuMfzSBinsMMtj7lqMfUVSbAdTnhZRf4CnbnqA5%2BeN%2BO3kUttIBIAq0ijiLrLQviGr%2BCSEWt4WvAwh0KiGQ3RL6iu0rN9ANYEXkZX8p%2BoSEm%2FeWMmjv1VUimPr%2BbdY7RIAv7jx%2BI2o1Ga9AqhxN%2Fvf00nww7lOXXthftASQU09KWeeKdrv26wW2%2BcXTkFE9r6kdrp7BvT8OlwZ7P37YyZp%2FuhVWf5tMOyu5R2EADu%2F7c0GvrYjgIdhWqIzEPMC2Qu8kkp4HoTGKHWZx462N6BopcmijOZJ%2FnY3%2BRYwO1XsYQJpxvhTmpJNgLwFjMERY1ycG%2FCkRelOMkyw%2BDh5roAcmcZYMBtmfg%2BQZcF%2Fn%2FucAr4USnahvzlum%2B%2FGW%2FvSBGzF1oUF0qpzzcWNuExYUjergzw59o9RugqkYOBTEpN9zFrL1%2B4NNxNnoULjqszzm90Nd9QJSQvy3ggVU4QMB91ChESMmZcDA66A7oBK66VmtY0vFGtYcImi51jMcKK8Yv7GxCy6cbfkRthEFq%2FK5H5y9%2ByzHVKebypFz6jRb03S4NpwmmerUDA7dCwD6SmWDLVWGr8fvvH1mWvUgXPK6j&nvMid=89835399469&catId=50001519
Apple 아이폰 16프로 256GB Apple 미개봉 새상품,"690,000원",배송비무료,https://cr.shopping.naver.com/adcr?x=7TExn%2FuymLtIUn%2Bdk6R%2FUf%2F%2F%2Fw%3D%3DsWSZjh1roOnrB0wyZnCktoJR5OiFOzzZf%2FIRGrg%2FN%2BNQAjU5j3gjlMYsRq8%2BGHFpSG47Pbw7EkZBBR7sSYwvsUTXJD0NsZoE8wg%2BLc2SvDZhHRaISaXjSXtxpkOUV9xcVECs7Hq1ptkJz%2BEOEmjZpZEsFIPfQ%2FxdBq1VsidKXQ2O3pVqx8a7y1UG0HRU%2FVjQkhNAWEw0JCsb7LJXBJqKWV9015zgK%2BP5r4ZCysDfiDpXRn0ypk6MsSRTI3s%2FTa3AshFpZy9cTWn70gg%2B57tFceDForf4nGUgPwiv53t%2BtlmqAbCY81f975eS5nfR25FBiP83WAv8GAIoQ0MwLPWeb%2FQHCSZ4Pp%2FKQkvu3rvuzVwlZ%2BE4fMiepN7vz%2FrtT1MLcDG4evy%2BM13j64UYOnhTyGWVhYmYgjlPsRq46KjM0jHOYHF6FUFDXJWjFuX3G1juV7zw%2FkMLa3DKT04yAP7845d1woZLwre%2F0c6LfC8XQvOabeybS%2FJS7KxefviT1VQ9NtJaIOAQrQmC4sLZV5kK3dLKTKVxXYognrfKYVcticUzcxay9fuDTcTZ6FC46rM85B51M7vVE3MhlEUiVxOTZXRMnhEp2XCNa1ag4mGxEP%2FRrWNLxRrWHCJoudYzHCivG47gsYzEsLVejF63ku6O6nNXjfJNMu%2B9ZHD4Ae%2F8I09S%2FW35DN9KwgjggnkxVceOCaGimR4pR27mrh1IoDTOSgA%3D%3D&nvMid=90886762658&catId=50001519
아이폰 17프로 512GB Apple 미개봉 새상품,"1,108,380원",배송비무료,https://cr.shopping.naver.com/adcr?x=sBNOCNXOPQ1%2BP9fzVOPShv%2F%2F%2Fw%3D%3DsgLx%2F9pekplvJUCkvSJqP3Zpwg8bYRlyiSPZUiUnREJjxTAJR5s3V3RheLYZrm3hTJsl6F%2BAlvZJ1%2B52jAYzF02g6HabDTRx466CGciRiUnFBZuMfzSBinsMMtj7lqMfUVSbAdTnhZRf4CnbnqA5%2BeN%2BO3kUttIBIAq0ijiLrLQviGr%2BCSEWt4WvAwh0KiGQ3S5G4KtrRXqRZ0hITbmR3wVn4YPY3GsvgsJRzQXSBeWl51CwmpZLLmlld7leLaP%2FANiN8wDt2BLmZCNhior7fj9WNBZtyPgX5EPzN%2FuIrf7fKk9qMPrIqfC6xCoSmeVNzlLXJ3rYI6ntmWhR%2FlnQMZL5FKy6XHO5mH3WSv08OQHbGoWqsyW6ALuD0tPCLxU7JMWit%2FicZSA%2FCK%2Fne362WaoBsJjzV%2F3vl5Lmd9HbkUGI%2FzdYC%2FwYAihDQzAs9Z5v9KlSx2yWJB5Yq8zD8tIXSWxj%2F7jRwFGvXo5TBG5i1lRPOONw%2BGdDhpdmYoJkWOKNC9n6kE4TIT9bH1dnglUz9pFQ3J%2B99ETX%2FMtDEjVChTc4qtkfoNSWUN5A2nYpHHYFGFCJLeTNMiIpdd72TMnUFR5ec4%2F%2FQ5Uz2LgPJnQ5ah9Kh%2Fo%2BL86duSNpJBY%2F%2FRZA%2By%2Ff27P5KTIPi3x9SOPg%2Bh2ziRKchRP7e3BGwIIlEt%2FmEE3JPjsCo3Y0pk5cz8b%2FzR6xo5XJkJq9SXNhgqutyn8vTtug4vCjEvohqOyQz59n0jGcVjc%2BJTF5GVSHdLIXaJx07hIJFQunutjqySl2gOc2OqH9l6YII5ugOGfB4CYY%3D&nvMid=58489812226&catId=50001519
[대여] 아이폰17 프로 대여 1일 단기 렌탈,"19,800원","배송비3,000원",https://cr.shopping.naver.com/adcr?x=aXKFFsTeF99FG87OOi5hSP%2F%2F%2Fw%3D%3DsT5Dr4hd1n%2BtDj16WG9yKHy66QF0EtGpSPRkLs8Nio%2FjxTAJR5s3V3RheLYZrm3hTSe4QSTM1m9Z2q%2BUBhom5IGg6HabDTRx466CGciRiUnFBZuMfzSBinsMMtj7lqMfUVSbAdTnhZRf4CnbnqA5%2BeN%2BO3kUttIBIAq0ijiLrLQviGr%2BCSEWt4WvAwh0KiGQ3RL6iu0rN9ANYEXkZX8p%2BoSEm%2FeWMmjv1VUimPr%2BbdY62eaP7FnmpKSRROqLXj9%2FSvf00nww7lOXXthftASQU09KWeeKdrv26wW2%2BcXTkFE9r6kdrp7BvT8OlwZ7P37YyZp%2FuhVWf5tMOyu5R2EADuys5hrZQDHgQ1zZHshgt04DPHUpRE3izG2pIAR4lSHvsz8uESQ7naY7OVlsD1EtRRcYQJpxvhTmpJNgLwFjMERY1ycG%2FCkRelOMkyw%2BDh5rofeAzBJ83BZ%2BvENJ0v0vlFC0crIDPyLByzuTURIoLvKmCwuGSPiNZIXgIOoJeuMgBVNK8SjiP2Hd5wLqVbu7p5rJLcAN0KfWooNueuAkrJZ6ZEg0uqAVRWYI1T7tYyVmWBvKu3qjCu1tDaDmFVKdY9xn42UUgzax7ncfI2JB7lQNXhlBk9OK%2FF6iJFC8CnBH61xAf8sQiV3%2F4OwlGVo%2Fez9coBEAShhWTCL7X8Xjj9M0DfkLIyuldBS3f8m8e6nLmzUhNzs2VE%2B%2Bisqs3JAEppg%3D%3D&nvMid=89970471330&catId=50000249
Apple 아이폰17 프로맥스 자급제 모아보기 색상/용량 선택,"1,990,000원",배송비무료,https://cr.shopping.naver.com/adcr?x=7KIwwLUHct81N6Yhy7O05%2F%2F%2F%2Fw%3D%3DsEjPNCX5Nqa358UqEwJOxhmokMbOtov1%2BVRjMeOTJKNxyoYErd7Wx1dfdVO6hh7qV9CLUkJ6MQOL93VIah3nBEsKdlAuo4CRofAy%2FiHp8jqv8RtWXQ%2B4yWv%2FzzZujOpojoFfwjIvfbkxdIJjq%2FnXNdXrI5q9fylU5fCxUOsQ4I%2BCuk8s7U6NFUyYCzOVHyPDV2VNqRRUOojs5WUX%2F32yb5RUWkZ5On5BVeI8cTEGmUZvnx8Aid%2BWslEVnY5aE%2BDqClXHPDWb0ZFzg8vFjsAm34Lt%2BCGdxkcJBKYAQS0VI%2BE0hluH2kw5IEIAuXNnO13ke04kOs4eSY0WncLq1f%2B0if%2FOlIutnUpvB%2F6qNTiqijLUwJs5DruoKSllcdjqO823QbP4DNlCMvOS%2FZ27QlxXlwLVnc7wcdqfCv3q5loMbcZIHs%2F2PHkpmvWjL2qy1nHub5ALl83VUIZzl2ZfYeNfahRcZnTbc4lcijk14vU0SSnnHvY%2FUzN94OzIr5wG3PfiAX5BUVVdkrY3zQ9HOtfA2xIToHpwQWwXk6gKyRincQPV2tU67x4KTesxquLM8sHPIf6%2FpLcARHyWk1y76f3bMCxTQpi83rmrVnNWIL5ldDdTZKG9EkuE5RGOpzijr4YJcFFJxLsMen2Imjnx5%2BVnPqn9n8WZez9iIsIPEI4nuqFJUv%2BpqxYtGRr2QE3Rc1MwO2KGUzX3ppLJz9CgKuyhcoN77X69F1kQFkhwF6sOyQqIUdWLQNcxa8N4WLU2mMSLsGiG0%2BMD09kVauJJ3YSFa1A%2BKoizV4kj1f0MU2ZkrvfTZXakosjhtVQGwDpK2epruy1Vhq%2FH77x9Zlr1IFzyuow%3D%3D&nvMid=58238239534&catId=50001519
Apple 정품 아이폰 15 자급제,"960,000원",배송비무료,https://cr.shopping.naver.com/adcr?x=XuZTA0Dc8El3rt0tfOjzTv%2F%2F%2Fw%3D%3DsBVswnS9tNyR3FSBHsonYw7O5Q3Z73UQ%2F6U0gilPkCwZyoYErd7Wx1dfdVO6hh7qVLjzJb2AvuRoyksDlArkICMKdlAuo4CRofAy%2FiHp8jqv8RtWXQ%2B4yWv%2FzzZujOpojoFfwjIvfbkxdIJjq%2FnXNdXrI5q9fylU5fCxUOsQ4I%2BCuk8s7U6NFUyYCzOVHyPDV49gWwo4YAEWGPlnOMWQUB4qPKnSzTV71gbnTAjWaxQ%2BnKrLrl5wIXxDQonmvwmQ%2FfjXuvr2Cw18jrW1jOqVsj0LRT%2FpqKa7hfxa4vku7TodA6uYvM3L5eJFMQX93yf8DBwSu8NyUQtJl7ucH5HotwPMpIH45KUfDW1s%2F53v59Z7Yk2TEsld86f%2FYt3AADW1x3dPAU3HJeFGjd7KOzN1XZo0RADWpHbCwemGQj7v%2Bj77DpmNu2Rs3tEPrV0ZTODsbWqyaFa2xLbpwGCJChqMDqpnSXAPvQ7Owm4leCGGOV00VmlmJE4%2B8afSr8xs%2B%2FmXoG1fUqIZ7CTqeNBeEUiuIjbVrhcIjK%2FyMdS%2B%2FohCHSTL5Bpk2Bgkccp4gjyF9C3Bph3%2FpRhmlP%2FLhJpef3hGiCM3zVaNSnElUms3mYOzPgGkbEf4FfFXKxRBjJgs6NFlJVHwm%2Fs0NsjHthyWqkJnwbh6709K9VhlE8zDnmKN1ue9PJNQ%2BWIlKP8qCkx78CIfQjtFG0pq3L375qrA7YEdKPWU3N0kWCShHUw4vdlvoRYU%2FTBOKH3wWJDfpKwqH06GH0nnkHHXj%2Bs7psQ6LKsoTkFdznR4EhPC6BI08fc6TT2xWkbDrUFJ2hBG8QaB8WVzn&nvMid=55292968180&catId=50001519
Apple 아이폰 16e 자급제,"769,900원",배송비무료,https://cr.shopping.naver.com/adcr?x=6J1EhBulLgtTiGrTvkbdNP%2F%2F%2Fw%3D%3DsVd%2B88GOmmJNJ3nrlpWsfO3HVCjT%2BAAOapQJWoWucsC9yoYErd7Wx1dfdVO6hh7qVLOVDOzIinCy3vH8GA94fgMKdlAuo4CRofAy%2FiHp8jqv8RtWXQ%2B4yWv%2FzzZujOpojoFfwjIvfbkxdIJjq%2FnXNdXrI5q9fylU5fCxUOsQ4I%2BCuk8s7U6NFUyYCzOVHyPDV49gWwo4YAEWGPlnOMWQUB4qPKnSzTV71gbnTAjWaxQ%2F8dKghfCYC%2FdsKLtfdOGxuLSOJ8RszYRV8SMF7WoEwd%2BtJnfZWGr9xagcbhNEukh3X8NkbAxocKezWN6GzceWgHJ5bhmckVmk2pE1j9uy4yCP1YPZLhS8n3SiJ0ae67GklpdZGM3xCJGgPxjTV9om83dPAU3HJeFGjd7KOzN1XZo0RADWpHbCwemGQj7v%2Bj77DpmNu2Rs3tEPrV0ZTODsbWqyaFa2xLbpwGCJChqMDqrWJDWvEyCpSX1SZz%2BGpzIUVmlmJE4%2B8afSr8xs%2B%2FmXoG1fUqIZ7CTqeNBeEUiuIjbVrhcIjK%2FyMdS%2B%2FohCHSTL5Bpk2Bgkccp4gjyF9C3BpR8vkoubaE4UxnsUuIf7tLc3zVaNSnElUms3mYOzPgGkTFHVfVt6irmg4aToR%2FDWxAuiu3aovZXR3tEeEIWLCQQvqet95udyQkKqCpL%2FVSci4rq7WE9H6Nh7enyaMzdeG1BJSLgTIIRhcaZOKiY4ymdmVVgsMQmmcjxwXoIw9IhYVLNpVUkT3EaFkyVikPwyRER9y%2Burmwd1YLGHVpAUUmYVsN%2FiAcjmtIwlTUFZwg6A%3D&nvMid=59055219299&catId=50001519
애플 아이폰 16 프로 맥스 256GB 새제품 미개봉,"1,280,000원",배송비무료,https://cr.shopping.naver.com/adcr?x=RyGDMfwyrEEcwrXr%2BUsMWv%2F%2F%2Fw%3D%3Ds01kePvTBfP%2FLdyEbcPbXBbZ3U0iwli%2BOM%2B1hhuP1HjlyoYErd7Wx1dfdVO6hh7qVixRSvLLFISC0jSrnd5rQ%2BcKdlAuo4CRofAy%2FiHp8jqv8RtWXQ%2B4yWv%2FzzZujOpojoFfwjIvfbkxdIJjq%2FnXNdXrI5q9fylU5fCxUOsQ4I%2BCuk8s7U6NFUyYCzOVHyPDVyaxxRm4H8HcYDi0B3B3iQmfQT7uWwvxdz8nMvhXCKF2Y4MgKTj0giA5ZVfWbCzS0ms8WWmYdMoYTOn4PiucTQSGHDvsGQoUHd%2FG2Ez5s1IA%2Fa18qhDQ1A%2FKJp3fgBDor391W%2FC1w5SVs2sYtTdFSesb9xRyN4fqKhCWdSjOrx9djL47f7Mce1%2BOfkYqJa3Z8hbyCSSvPR8gf9VUhfaqQfKEGItyUBpoElQ%2Ft57m7wMnvCYDSYl5uLhTMlvu9Nu4MZUX%2FTmn%2F%2F6VhcsUBIpH1SEhr8gNzKOHXlFA3kgznNpPBoHQDVXxWT50eODKM4vN1ETmCwpHYmPrLCn%2B5cxvB9u3Et8FQQlJriTLlkMRs%2BBHEY9L4OzMOoKoAJcj3%2BkgyycwmS6WGQ6DSDrSG5dwtXftPiIqFtFj53MWOynh12I1rWNLxRrWHCJoudYzHCivG8J53CABln9h04Pwd%2FKZskRKs8nG95cwGY71mlHT4kK5Mmm00NhU%2FXyz6dsqSjwbXaGimR4pR27mrh1IoDTOSgA%3D%3D&nvMid=89711759353&catId=50001519
아이폰 16프로 256GB Apple 미개봉 새상품,"814,090원",배송비무료,https://cr.shopping.naver.com/adcr?x=O2ngx7sLqEPfVdHKtbMS1P%2F%2F%2Fw%3D%3DsyR3e4zNcNuDsq%2F%2BGtN3xgfgXO96kr5sP7z1P5%2BOg75gAjU5j3gjlMYsRq8%2BGHFpS%2FK4UNN4quqLxHsvLBqFG%2FjXJD0NsZoE8wg%2BLc2SvDZhHRaISaXjSXtxpkOUV9xcVECs7Hq1ptkJz%2BEOEmjZpZEsFIPfQ%2FxdBq1VsidKXQ2O3pVqx8a7y1UG0HRU%2FVjQk86k8cABegJR%2B1SSj2e%2F0oZJ%2FOgGCyGKY9VVNn1Hm0TYzjeOg5eZGBJjouOds%2Bh7JFOjygacoNtzbKjYQ1jLSD5YU9vVLAk%2Ban5%2Fl8VgH%2F0h%2Fa%2BYgLvEhZB6L4mu1RVPsafG1XbewK9ubVcEB9KkD%2BbLUG67TDJ1VcCCUrDWT6kjTD0Ft3FuPYWmIihwVK0JKQYmgzr%2BKPhkFEBRPHTZjgkPg%2F6PYJW9LpCSumzPJoigK7CtQzZWLlur1%2FFge4%2BEpzRuhqqKcIyorb%2B95CtSX44HgwWmE3AQnc0Via3wqdO5XfqiCwBtPYYwEdSt6i2JAGzzUztPqV9CdTM3rnxFDBGuoZMKMqx0zxKNgDGwxcvR1DWCDdJQL3NYCTeEJCrLzNpqUN%2Byef66e5DNKlsbBG1FfYAQmtmEw%2FTpJZffad%2BkkETCscQ6zHGbt2wqnV8m2Zpwld0o62%2B6BeXAKgaxeSDulBXMG7WVUNNGPsx5675e9lhxlyMSMYH4nmFNEYNxyTtE5C9b4tqSjNXB0DhpJ4HR9INs9ZpxiOekV5%2FkbMXFvmcPIGr%2BXpvQWafo1Rh%2BDSf30QoUskUbOcMKQHSecuwN%2BQsjK6V0FLd%2Fybx7qcubNSE3OzZUT76KyqzckASmm&nvMid=58489811341&catId=50001519
아이폰 17 프로 맥스 256GB [자급제],"최저1,990,000원",배송비무료,https://cr.shopping.naver.com/adcr?x=gYOmoUfu5bWhsf3Y6F%2F1n%2F%2F%2F%2Fw%3D%3DsD3fJT2CdZfh5wpwQ6zWKG4uMY0tt3%2FuiPvMQXYk%2FO6jxTAJR5s3V3RheLYZrm3hTsPuQBw1ooKpQQltidYUoJ2g6HabDTRx466CGciRiUnFBZuMfzSBinsMMtj7lqMfUVSbAdTnhZRf4CnbnqA5%2BeN%2BO3kUttIBIAq0ijiLrLQviGr%2BCSEWt4WvAwh0KiGQ3334rL%2BbR36BhYe0R%2FrUmjkI1yUrC8vID%2FKz%2F8c89qMtms9RCoKlVZCNzx3cZe45SY2ZxuAuvSW7ZwIsaDJftz694IFlqpi2PXO88uXmhtpG1%2FTl%2FSXGqxicgPtSywPelCUihK8pMD9%2B%2FGfueoJU%2FPKTq%2FbD2MGowZHhNOyBhpCeUgj7JhipZW7dJJfFyMQl0Tq%2BVpiKcSzz0gJ5dN9QNcNRC%2BzwYer6Ps69Q2%2FK%2BLLGcqtSHxiSk5V1JJUTbNiLgRYxPz57s0p1wnuHz04%2BVosuvpztE96stfOnrC6hbFnTjs7BUcMOB9C9Ar298GapcBHS7iYdd4BTrgASNQmm8sLPU1gfxG3PH6iFw%2B1YUjCJp9mvlX0A%2FBbGItGKZPrcReo78klnQLqnQwZ%2BcczkuCA%2F4yAzswTegel%2F59Ezrzze%2F4e61VR%2BsdyuOfGhNatZaLSQ%2BsfZCN2pTF%2FdQHJN3RNYbukAj06EPMRzwFdQ4TCC%2FhgaMkJIhbUi8HFdPXAb3a8%2FjmLvB3t0o5YJsjk4Ncr9ZbHABxh9EQPKeL3vQqNiFbDf4gHI5rSMJU1BWcIOg&nvMid=56666180942&catId=50001519
해외아이폰 17 프로 iPhone17 Pro 홍콩판 듀얼심 무음카메라 자급제 256GB,"1,897,000원","배송비100,000원",https://cr.shopping.naver.com/adcr?x=khgK%2FncN6rBVlBallEBEHP%2F%2F%2Fw%3D%3DsqU8DIu8HtS2GYAR4ztTB%2BbEu89ov9CePWalHJxfyItRyoYErd7Wx1dfdVO6hh7qVBWSrXgmKUhs3kCobTUPMnMKdlAuo4CRofAy%2FiHp8jqv8RtWXQ%2B4yWv%2FzzZujOpojoFfwjIvfbkxdIJjq%2FnXNdXrI5q9fylU5fCxUOsQ4I%2BCuk8s7U6NFUyYCzOVHyPDVyaxxRm4H8HcYDi0B3B3iQmfQT7uWwvxdz8nMvhXCKF3SrtY3h3g1cP6zwAi5o19bms8WWmYdMoYTOn4PiucTQSGHDvsGQoUHd%2FG2Ez5s1IA%2Fa18qhDQ1A%2FKJp3fgBDor391W%2FC1w5SVs2sYtTdFSei8wLqN%2Bo6LiNxPsiCnrQZ7cc2jGXQ6IeCz3KGdI9757hbyCSSvPR8gf9VUhfaqQfKEGItyUBpoElQ%2Ft57m7wMnvCYDSYl5uLhTMlvu9Nu4MXTcKx%2B5vh9bxNK7QVcKmUUhr8gNzKOHXlFA3kgznNpNQRPsuUnlOKvvZXZxnu43ubiZTmIvSFgLKsVeSTPlw8OIuzcR2CGwoEG%2FDxp2MHnrEoP%2FQhkzxt%2BJE5NxRHjL0ESEXZVyPy4syErslMkjWyFuM0aRh02wfgKctHKvznsWhrkCaKTPCR9tJhmiX8QFgxXkyBYViq5U3%2FHuy5XrBC9p%2BIuR65AqSjAY8HoX%2FuSOMXevOhejP%2BrlKC%2B6S%2BbxQaQwH4D%2BYNC8NEgh5Ri82TlevUVCKuMw%2FAv5Fh%2FBLlMpB0CIl3BeKsFF2drF%2B%2BsFv&nvMid=89923435612&catId=50001519
해외애플 아이폰17 홍콩판 물리심+e심 무음 자급제 공기계 홍콩폰 256GB,"1,394,500원",배송비무료,https://cr.shopping.naver.com/adcr?x=tXpQk4QdjOvPc5uK2VxRgP%2F%2F%2Fw%3D%3DsEP%2Fpsa7%2FSQadrNs5GI4kyd6m7RZc3oExLkHtuadF1URyoYErd7Wx1dfdVO6hh7qV%2F%2F301jVfeFTkoKFolexwfcKdlAuo4CRofAy%2FiHp8jqv8RtWXQ%2B4yWv%2FzzZujOpojoFfwjIvfbkxdIJjq%2FnXNdXrI5q9fylU5fCxUOsQ4I%2BCuk8s7U6NFUyYCzOVHyPDVyaxxRm4H8HcYDi0B3B3iQmfQT7uWwvxdz8nMvhXCKF0jvxChFppOeaePThO%2BNi8ams8WWmYdMoYTOn4PiucTQSGHDvsGQoUHd%2FG2Ez5s1IA%2Fa18qhDQ1A%2FKJp3fgBDor391W%2FC1w5SVs2sYtTdFSekQPyhmpXrXokQiqmant%2FNLNTCQjoph4DolSi7IUQrAzgzRGQMqXBWNWeUALR9IuSlLAFi7nH5XNuOe%2BR1dz0uDGPb654YPRX84Ob0A9zXs1wsa92kAoaflqj%2BTT%2BG5PfPeNnLyPzeGX8ERK%2Bc4RFjFGiZY%2FDrIt7mq0xXMdMpkORkcTYBcQ0tCG41c0o%2B2NjwBZ18VlLym1LY5%2ByArrLwKykrN08fNWo%2FzS7YjhEDfE0eTSLJo70%2Fbt5SkpkqDuz8MolBg33g8lxShzXALI7FzjMuU3ouJMb9inF7crEqeAxQ6Tf1ykQkvP21VkbcYZWnvJEjntGCkjvhDN6olz8XRKInzEpXxN9h%2FOdsFdSu4%2FNJJRDoJKkYC58cf5FTKs56pJ0i0jJyH48K%2FhHaXKv9AdHI8FZtQVGFZJxOyBDKc%2B&nvMid=89926063437&catId=50001519
"애플 아이폰12미니 공기계 IPHONE12 MINI 64GB 휴대폰,알뜰폰","189,000원",배송비무료,https://cr.shopping.naver.com/adcr?x=%2F10WbyRX4fqDm2tHaFstp%2F%2F%2F%2Fw%3D%3Ds5nq50fwT6sovvfZUXI8SX67fJ%2Bb%2B5P5kLhvlrpX56KPxTAJR5s3V3RheLYZrm3hTC9gjX551P6rlvxE%2FUDecuWg6HabDTRx466CGciRiUnFBZuMfzSBinsMMtj7lqMfUVSbAdTnhZRf4CnbnqA5%2BeN%2BO3kUttIBIAq0ijiLrLQviGr%2BCSEWt4WvAwh0KiGQ3RrGKeD3WEVFphi0HowZtxVK0PNA6Pr%2FiNDHHLz5Ow05EvmIl0sQ7HFuGZt3Ct2XidMKuMxSC740gJoNq2CpHgjSqjPiTd4eoEouLn9J3El1xTS8vVm9ENLBGG%2FECaJ3nTPQvbixHQtO82wa3hWoPeAczWY69eYPb0I4APqa03aWKsGx4y%2BZKI5dDcHPOiX4oRjORd9xFMt3Ij24KPblR%2BAeL8mDjug0MMBKQwp4NOEHBz7%2BORHa%2BX777%2F5U82WuFzE8YOrqzrF70Yy0mZl5rJBIehsFGogqXf%2FveCFzibIZdrU9gBvTOY8XVxGgpGxxd2YxKyH%2BD%2F0Zv8r75v30Dkrc309dNYVswcZEcr9fsFHJpJOfrkfgeoEba%2BCG25Sz%2Bivakl3tDzKbMAN167In7S%2FhohWtl8Syxr%2FkMz1F1OV36cBmyqb4PTn50kEwWKvhfxwvOk5GV6At6PQsiynUbyENahwaYNRaxmuQQq5R8yOJSTdFbYh84kPfXn9lRFIyHz2anmjjIfQGJzwvVchnjYstYmcMeoWWU1z2Ln%2FyAoOlrWNLxRrWHCJoudYzHCivGqQUuoaWJqN%2FEKTa8tdAjoVIWZJP05hpneNhqV337lmXLE3uyjB%2FdsGzNM4U1DG8JDVCYCaeglF2rgr1u2OQIzQ%3D%3D&nvMid=58817599505&catId=50000249
Apple 아이폰 12 mini 자급제  화이트  64GB,"348,000원",배송비무료,https://cr.shopping.naver.com/adcr?x=W7W4XNi7T%2F3hXS%2FuTkdfv%2F%2F%2F%2Fw%3D%3Dsw4GF0EaGM%2Bmmch9m0ip4hCpLNflVftTkSK0zc3mgo5oAjU5j3gjlMYsRq8%2BGHFpSls0gyAYhO1F%2FN%2B9XJhLfnzXJD0NsZoE8wg%2BLc2SvDZhHRaISaXjSXtxpkOUV9xcVECs7Hq1ptkJz%2BEOEmjZpZEsFIPfQ%2FxdBq1VsidKXQ2O3pVqx8a7y1UG0HRU%2FVjQk6InUdgRJ2eKXcsL2jyhcXKQfvg83DEGAmQ8NhqAZnU%2FRnZ5jPvtL6YwelShhR%2Ffq2nVKk20VAIZmBPr9yMIHa0MX1IzIbPCJwMgNlVWlQLIQLBVIqpv6Yug2XRXupBkLhaJJC6hiArBIeQtu2qJeB5M%2FRC99MJWo2UqK6QUTiPLZmdn7%2BwU8ox9SFk9sQPFlwCqFAPBsh8jS0jYDRF9ncdvoSVXsiovxDNiQcY42%2BS1VXemfpmeX70wC2wQT5nyi5pxiwDZPU40LYzhHX%2FcRv7gs782ojTwNX%2Fr1vbimOM4VmlmJE4%2B8afSr8xs%2B%2FmXoG1fUqIZ7CTqeNBeEUiuIjbVrhcIjK%2FyMdS%2B%2FohCHSTL5Bpk2Bgkccp4gjyF9C3BpctyO2HTu36NnycLruP27e83zVaNSnElUms3mYOzPgGkTFHVfVt6irmg4aToR%2FDWx%2F1pVjAKNlFtlxgsy2C3EWGL3yP8yjlCMDL6Z%2BgRXGVpJrPMQhRVB8jpPvwEY5AlDHcLhnvhVpv8jIMQ%2FqwQWebkuCbHdKLi4c0Hcbk4l%2F5rL07boOLwoxL6IajskM%2BfZ4UCWDrRuAynLKw3aT1V2urYvaQhWXg4whS9q446aOatoaKZHilHbuauHUigNM5KA&nvMid=59440054535&catId=50001519
해외아이폰se 아이폰se1 공기계 모두의애플 se1 골드 WIFI 16GB,"116,500원","배송비16,500원",https://cr.shopping.naver.com/adcr?x=muoyDYaUe0TLrd2aOo8VGf%2F%2F%2Fw%3D%3DsIdCmWwK%2BKKwHgRYDdaRb9vHimAaKskcftkvaFYDsV8VyoYErd7Wx1dfdVO6hh7qVWk3A9LDUCafIs9li4zjvgsKdlAuo4CRofAy%2FiHp8jqv8RtWXQ%2B4yWv%2FzzZujOpojoFfwjIvfbkxdIJjq%2FnXNdXrI5q9fylU5fCxUOsQ4I%2BCuk8s7U6NFUyYCzOVHyPDVyaxxRm4H8HcYDi0B3B3iQmfQT7uWwvxdz8nMvhXCKF1hi0pLwAgtnkt5HNVqPmIGms8WWmYdMoYTOn4PiucTQSGHDvsGQoUHd%2FG2Ez5s1IA%2Fa18qhDQ1A%2FKJp3fgBDor391W%2FC1w5SVs2sYtTdFSekz5v2aZh0CCna1P%2BJn61%2FyOo%2BaTL23aoA3m8SdFKu4YQ7nSYHRABr%2B8cv2E54Qo06EGItyUBpoElQ%2Ft57m7wMnvCYDSYl5uLhTMlvu9Nu4MItm1%2B2cpE6Ee5lw1Dd7yO0hr8gNzKOHXlFA3kgznNpNslc6qBlZtrfabCkvyghoynOCdltLimYZs9jiOh90eHimqdy3M5hOJdKC7BR3Ua9dbZKHRHB5OyyuOU1TpBRYaQS%2FHssMg6HG6YxqZK6dPK0LoMiXHmsL0HgyO24c0uuEmdI3dG2gLqLt9EPWq8OvdrBr0mWZyQNskAlQQa9x8QQ2cZfnKA5YbNVBBQ2J1EKryxzf3kEVe5XrGAqaHdMHuBsMeXPMd52vh8JsSkhvwzh0cjwVm1BUYVknE7IEMpz4%3D&nvMid=89679698641&catId=50000249
Apple 애플 아이폰 14 128GB 미개봉 새제품,"587,000원",배송비무료,https://cr.shopping.naver.com/adcr?x=JnraRp5eEc3Id3f0prPGov%2F%2F%2Fw%3D%3DsF8Rny9Up4S1rooZC6%2FgyR2eP19EX6BAREaOGOnlMYhNyoYErd7Wx1dfdVO6hh7qVbSH5agGItEWTq4hMGOQobsKdlAuo4CRofAy%2FiHp8jqv8RtWXQ%2B4yWv%2FzzZujOpojoFfwjIvfbkxdIJjq%2FnXNdXrI5q9fylU5fCxUOsQ4I%2BCuk8s7U6NFUyYCzOVHyPDVyaxxRm4H8HcYDi0B3B3iQmfQT7uWwvxdz8nMvhXCKF1y%2B2JDLvsLnZoC2AQByLsams8WWmYdMoYTOn4PiucTQSGHDvsGQoUHd%2FG2Ez5s1IA%2Fa18qhDQ1A%2FKJp3fgBDor391W%2FC1w5SVs2sYtTdFSetVdpn5RgT3WHcd0IeIcKHEmNH%2BPFDjBB1byq6tUiCjfzjjcPhnQ4aXZmKCZFjijQvZ%2BpBOEyE%2FWx9XZ4JVM%2FaRUNyfvfRE1%2FzLQxI1QoU3Ok8oVDE5P%2Fx%2FMVRqbV2VmoktB7vhOx0nxSI7ZizhQJ8shscDLGjeckEV7ujGY3qTh3d7qcg9yxe%2BVZbpZbXVJH6Q%2FJK4NBvx%2BzdWn5sqG9HZ0dunJl8oHqblqcTe7zMNNiZdDpCoAHu9xJQb4nn06R7q4QxGPzrpAf7fDCVYrPyMwYPZLGP%2BMO5hG98PNupZd44DezpupceciSkFhyH%2FICbiDqtjWNulm2vX4Tf57n146HJZQgjI8VSlbO1R88zJ2DVCYCaeglF2rgr1u2OQIzQ%3D%3D&nvMid=89878263762&catId=50001519
아이폰 16프로 티타늄 256GB 미개봉 새제품,"944,000원",배송비무료,https://cr.shopping.naver.com/adcr?x=o0r6OpbBmPpt75yFKVQGKf%2F%2F%2Fw%3D%3DsC1GVnrtqaoIlzgwXrpgdFaoodMDBjm4qEf6rcT%2FiJ2hyoYErd7Wx1dfdVO6hh7qV24vQmu%2FQmjMug%2B3uLOYHpsKdlAuo4CRofAy%2FiHp8jqv8RtWXQ%2B4yWv%2FzzZujOpojoFfwjIvfbkxdIJjq%2FnXNdXrI5q9fylU5fCxUOsQ4I%2BCuk8s7U6NFUyYCzOVHyPDVyaxxRm4H8HcYDi0B3B3iQmfQT7uWwvxdz8nMvhXCKF2jbc681x%2B%2F3gmeGvmvSMAYms8WWmYdMoYTOn4PiucTQSGHDvsGQoUHd%2FG2Ez5s1IA%2Fa18qhDQ1A%2FKJp3fgBDor391W%2FC1w5SVs2sYtTdFSeg6KiYR0Z9AiTkq5uvPfIWbkP5iEcqmMe8aPKD7LlmCUzjjcPhnQ4aXZmKCZFjijQvZ%2BpBOEyE%2FWx9XZ4JVM%2FaRUNyfvfRE1%2FzLQxI1QoU3OC9CHI6d0twWnyrmz5IKypxQiS3kzTIiKXXe9kzJ1BUdYcKEZHVPnF5pqb0UIR1DHHHUJvQnmqg9FxRGkTrvmY11rm3tLZhiwkFTVnV6iEcpHZJ3MAkMNkBffoLSZ%2F5i1V7j5rpBArAxHkwoBq%2BVagN%2B52WvXJf46W%2BDAfw7PAQ1Z8CzcwGOWDGOfAtvAjEfamBWW6WV50uXIK91WkZ%2BZuJ5p16rMq4OWgMml9tXH0v0PaTLQOC1EkYTUyHLryBQPHRyPBWbUFRhWScTsgQynPg%3D%3D&nvMid=88900069890&catId=50001519
해외아이폰SE1 올인원 풀박스 공기계 세컨폰 스페이스그레이 16GB 베이직,"86,000원","배송비9,000원",https://cr.shopping.naver.com/adcr?x=aNCHZGwsUKkklH5Ww003p%2F%2F%2F%2Fw%3D%3Dsu13bYhb4fanTN4wHBLz6P%2FcplUseQ04gxEm%2BwUKKCmxyoYErd7Wx1dfdVO6hh7qVc0ast5RrPDsRPeORSQRQfsKdlAuo4CRofAy%2FiHp8jqv8RtWXQ%2B4yWv%2FzzZujOpojoFfwjIvfbkxdIJjq%2FnXNdXrI5q9fylU5fCxUOsQ4I%2BCuk8s7U6NFUyYCzOVHyPDVyaxxRm4H8HcYDi0B3B3iQmfQT7uWwvxdz8nMvhXCKF2OG4kvNNg0q07LUoJufKrMms8WWmYdMoYTOn4PiucTQSGHDvsGQoUHd%2FG2Ez5s1IA%2Fa18qhDQ1A%2FKJp3fgBDor391W%2FC1w5SVs2sYtTdFSetCTzxIzvS33xu5O%2B8UANUIH6sm8kPX3jqwh1U9hZ%2FFgA%2Fr3XBm%2F3nNwAzAruqK5evZ%2BpBOEyE%2FWx9XZ4JVM%2FaRUNyfvfRE1%2FzLQxI1QoU3OV8whJceGXACXSo0hWD9CyxQiS3kzTIiKXXe9kzJ1BUf0dTg5vuYiGwt8dm5ztj3Z0aYofoL7eslo7r0vJx8UxaMkn1ZwQFjtMec2SeGYbYX7HkpHud603dQeqQ4ZHBNAdDJXaSrUymw0h3JnpS92EUqAYhbPmPctqmop1BSb79WFY8KgN6tykDIIZi5kpxzWK3Vz834kGCOglFmmWyjNtg%2FtRs2MgkAFbAzurpTEm5bjHOjmQ29qr%2BGpKKbBDInBVTwXggY9TfSYiwMTeLSJQ5%2FRIpSerigf8hFf1RGJxlQOEsHC78VBLnFZh%2FnDobeN&nvMid=89304859650&catId=50000249
아이폰 15 128GB Apple 미개봉 새상품,"643,000원",배송비무료,https://cr.shopping.naver.com/adcr?x=xz1mKhaqljfDS5NQHiU5Pf%2F%2F%2Fw%3D%3Ds%2Bw5Ih2r6jH5Bumpsirn%2BGvdnWHmjRqznYbEwPzItoW0AjU5j3gjlMYsRq8%2BGHFpSX0uTxE2mJNnBKh7l97s71DXJD0NsZoE8wg%2BLc2SvDZhHRaISaXjSXtxpkOUV9xcVECs7Hq1ptkJz%2BEOEmjZpZEsFIPfQ%2FxdBq1VsidKXQ2O3pVqx8a7y1UG0HRU%2FVjQkhNAWEw0JCsb7LJXBJqKWV9015zgK%2BP5r4ZCysDfiDpU%2BVL60lv3C9v2T8H1I%2BVg7CLeQ3mjgkYemQLFueuxIAzForf4nGUgPwiv53t%2BtlmqAbCY81f975eS5nfR25FBiP83WAv8GAIoQ0MwLPWeb%2FZFQYNByhnI8uDMLfXhhHUiTlNELNANZmkmrlg3Lm2dknuI%2B1Uju%2BRLjWLfBBmiitGVhYmYgjlPsRq46KjM0jHOYHF6FUFDXJWjFuX3G1juVQJibF3TWvBG6VxHxK1tLOd1woZLwre%2F0c6LfC8XQvOZDwN6rkscNbtaqq665UD1TzZCn8GDJt6wGcFXdJu63UKuEtlMmEp0kJY%2ByUzOAG2QwCH9KIdZsbYek1no04NIyfYuAQ1ix2q6pn%2B3Zd3SiwqOuBZD%2FQkGyMe53inOjnLX6b7RmamUtuHjmGXPs7f6Q9Nx5ClGB2tLDUFVdfcNBbiOCFAJgNzpFahNaWLW3oBxXc50eBITwugSNPH3Ok09sVpGw61BSdoQRvEGgfFlc5w%3D%3D&nvMid=88646726618&catId=50000249
아이폰 에어 256GB [자급제],"최저1,431,000원",배송비무료,https://cr.shopping.naver.com/adcr?x=xKl6MZqZLEwdm3xle2A2J%2F%2F%2F%2Fw%3D%3DsGjL4pWf7yV%2B4kwJ718RZwrhT98h03tq9OR63kiLEwIcAjU5j3gjlMYsRq8%2BGHFpSfgOkyP7CksHpFIRfjrzUSTXJD0NsZoE8wg%2BLc2SvDZhHRaISaXjSXtxpkOUV9xcVECs7Hq1ptkJz%2BEOEmjZpZEsFIPfQ%2FxdBq1VsidKXQ2O3pVqx8a7y1UG0HRU%2FVjQk2h%2FqNbmMd3P9tE5jamCbKQuIB8ncdehaYvLTVmrbJlHElugTY1XnRunywj230icx%2F2M7NukjaZEovSPMpRwZE%2BE8YCiibN06F7pXXqOPTLDu2BDvBMTXoZ9N9JaKSMlk2%2BhJVeyKi%2FEM2JBxjjb5LVVd6Z%2BmZ5fvTALbBBPmfKLmnGLANk9TjQtjOEdf9xG%2FmIRx2gipXTbP6i4GWbkEqj1nRJ4yoQ1ByXgZXYF4asUr3wpohlrhUETRXnCpgZJOsOI0h0KDaq%2FaxBeI7gvVHc8Zsp9fdmBRjIt0%2Fxd7Y3VT4Vv5oXiL5TUzetEKANslCncaZkfznvYQEYMQuepE3X2Ovx4101g2w8z28edJMlG%2F3cbbalFc%2FgEGOEotVrzCD1S%2Fv65eTyz17SNJGj%2FD5E6P4trjOZWNFv9fT5h2%2FlXSbSQZa3y0goVMiku1ZN8%2FRln%2BJT921ulk0U%2BEGIgwOcLSGId%2BZ%2FOYAjRfVwLnTYp6xUry2XfxMH32d4%2FjDlyJv2%2FJGTZEsfb9EMOCf7lCuGpAL2HGsJLh9nrNSsNdYUNB0CIl3BeKsFF2drF%2B%2BsFv&nvMid=56665469844&catId=50001519
Apple 정품 아이폰 15 자급제,"1,090,000원",배송비무료,https://cr.shopping.naver.com/adcr?x=%2FD9R1Uel1N7Su6Kmfm%2F8D%2F%2F%2F%2Fw%3D%3DsntejMiHBdDbguNxSPAB9LLUYLy0uQP34MgppA6Y7lZcAjU5j3gjlMYsRq8%2BGHFpScA1uYIRnalKvouNwfT82DzXJD0NsZoE8wg%2BLc2SvDZhHRaISaXjSXtxpkOUV9xcVECs7Hq1ptkJz%2BEOEmjZpZEsFIPfQ%2FxdBq1VsidKXQ2O3pVqx8a7y1UG0HRU%2FVjQk6InUdgRJ2eKXcsL2jyhcXKQfvg83DEGAmQ8NhqAZnU8%2BtslBK1Y5fIFUlVO0wI%2BmlWVGHL374MgBQjWaRm9hsiwYxEf9600NO%2FGLrlEB7P45N7nBhyW1KD8hwKY3fDKAymjd5DxlkRlj8kmNIS2pLRngcpuaqsJssgmyBzktirR8KdAuKl0j%2FmQcZBG7xBbYKk%2Bh6GZMa6kkFwc8tCDcxDlDcQEt0rxiwJdJykW10i%2Fffisv5tHfoGFh7RH%2BtSaOAFJNLWxG%2Fj2gEfGb7GroeBM7D4HvvTZxdoJ2%2FqTsZ89yj9L0s6qmLO8hhUQ0kQwQV36ogsAbT2GMBHUreotiQBs81M7T6lfQnUzN658RQwRrqGTCjKsdM8SjYAxsMXL0JeSQB%2F93yS%2FR0z8OvFs%2BEQz7UyTB2WVPynWz%2FhgdyS2u98WLnorGiotJYxgKVbEB%2BiSK8UIQHG7QALKW%2F6PzD7MJ8NWQcaNSGFtrBJ5ShgLWWdskFwbQ4QF6bPtV7ey4ATXKvWkkWEsI7Wr12vlUqtOf4i9zFrBXE2548%2F2S163RcJRY4jFToL1NbBYRrJQibqQWX8YcMLSakZm02fELXGpAL2HGsJLh9nrNSsNdYUNB0CIl3BeKsFF2drF%2B%2BsFv&nvMid=50864833884&catId=50001519
Apple 정품 아이폰 15 Pro 자급제  화이트티타늄  256GB,"1,248,000원",배송비무료,https://cr.shopping.naver.com/adcr?x=F1q46RIA%2Bw0o%2Fb9lpsvjkP%2F%2F%2Fw%3D%3DsZjBhGt1CHfJR%2BgJWFvOQrJqEpKWABCofgwqbPkiq57XxTAJR5s3V3RheLYZrm3hT9oRHtqgJLE6rU9pLk8kN02g6HabDTRx466CGciRiUnFBZuMfzSBinsMMtj7lqMfUVSbAdTnhZRf4CnbnqA5%2BeN%2BO3kUttIBIAq0ijiLrLQviGr%2BCSEWt4WvAwh0KiGQ3HNZtQ%2FiGx%2BQOIyH96Kmut2E6W4nW1ZBCJdFOCy3XN8yFxEiGuUMoNg8vmdNK5%2F1CTCa44MwpxSL5icEGtpYNTrmeTPlzKcVX1YUvO7SZ4T6jwfHaKZEbHI1b8bh%2FOfgJTurIWXZLv41jiHIITVRb%2FXp9OaHODlSTr8j1kQ1akVOpeEZpEhAOinGfhHQ%2BPuM%2BJeFwxzGS%2Bsq4n%2FFMUsdg5RKy3LoYl2rVajvOxbF9h7C54J8UO7LDGXdPU9Do8oyMXmq0wb8nQ9S1CNyVqQgAyCBVFl%2FerQu3S0J8k0uw21RAW7ixYLpcsqjM1QROR6OxgzRGQMqXBWNWeUALR9IuSlLAFi7nH5XNuOe%2BR1dz0uDGPb654YPRX84Ob0A9zXs1CK8u%2FYWQmmmEZ8yr7bnGLWUdtgOqeBpHQeUxIe1ruqzXQE7PHL3voyu%2Bm%2F02kzbSoSiDn%2FtQyQXA3DnrAV%2Bva19pr%2FIIxTa4lCntTcyConUrRoMjqcu8JP%2BPbJ6nCh5opZF%2BuO2XY48Pfq%2BTHL6fmsPL52pEuvefbF0lpF%2BbXyAW%2Bw9jq5V5SwG%2BOlBCxJIAGiG0%2BMD09kVauJJ3YSFa1NKO0hlh71otrQj5e5yWO6Q8UOZN3XVffltDAU0zplphy1Vhq%2FH77x9Zlr1IFzyuow%3D%3D&nvMid=59448928090&catId=50001519
애플 아이폰16E 128G / iphone-16 E / SE4,"530,000원",배송비무료,https://cr.shopping.naver.com/adcr?x=l%2FREBTpi3ks4lgEj%2FJE4qP%2F%2F%2Fw%3D%3DsKcqQkT4Y5IT7jGvEjne%2Fav6IgxfX7g0irhj%2BrpcsLQVyoYErd7Wx1dfdVO6hh7qVdfPmo5dT6uL9TtivTt5aQ8KdlAuo4CRofAy%2FiHp8jqv8RtWXQ%2B4yWv%2FzzZujOpojoFfwjIvfbkxdIJjq%2FnXNdXrI5q9fylU5fCxUOsQ4I%2BCuk8s7U6NFUyYCzOVHyPDVnjp5egJ%2FdmpWO%2FbVCogrpCPZFCrVfvXQyv8Eoifgms4X6LSJjtzFQYTl2EqjabXRVZB0eDOH9O12pOQNWItMNR2D2gSOUm0tXDIjUXMokqqNEQA1qR2wsHphkI%2B7%2Fo%2B%2Bw6ZjbtkbN7RD61dGUzg7G1qsmhWtsS26cBgiQoajA6pv6Vk3lkWgknADykprkHGIhrD0jF0QEAEm9Tg%2F%2BbBXlZ7iPtVI7vkS41i3wQZoorR3TlklquDDMHgf4OCQnHWmmBxehVBQ1yVoxbl9xtY7lbbHMh1ZnmTE0plGKIZhkGJKI194O3yVGRkTAKu5NZTnzgKInaGsHN%2BzcOI5%2BwOSJfFsoaanD%2B14S72Mo19nNXdCgNiMO7O%2BoBUFUEJzxYyhDKklhpbMcPGbqqITV02F%2F7Lg3SYdHZScYN%2FQhQnygynWG7pAI9OhDzEc8BXUOEwg2ZVWCwxCaZyPHBegjD0iFuAqWkmFkC%2FIfQKcZ6CPEj1ET7RmCtOefjAO7ErWzvrUhWw3%2BIByOa0jCVNQVnCDoA%3D%3D&nvMid=56871423719&catId=50000246
